src_asn,src_org,src_geo,src_port,last_seen,first_seen,l4_proto,src_ip,dst_ip,dst_asn,dst_org,dst_geo,dst_port,d2s_bytes,s2d_bytes
-1,N/A,N/A,62036,1709720671629,2024-03-06 10:24:31.073+00,TCP,192.168.100.100,40.126.17.135,8075,MICROSOFT-CORP-MSN-AS-BLOCK,Chennai,443,22178,8631
-1,N/A,N/A,52698,1709720677255,2024-03-06 10:24:28.295+00,TCP,192.168.100.100,172.217.166.2,15169,GOOGLE,N/A,443,6213,1157
-1,N/A,N/A,52699,1709720677257,2024-03-06 10:24:28.311+00,TCP,192.168.100.100,172.217.166.2,15169,GOOGLE,N/A,443,6213,1221
-1,N/A,N/A,62441,1709720684210,2024-03-06 10:24:44.112+00,UDP,192.168.100.100,142.250.77.238,15169,GOOGLE,Plainview,443,3862,1680
-1,N/A,N/A,58281,1709720678215,2024-03-06 10:24:15.679+00,TCP,192.168.100.100,35.186.194.58,15169,GOOGLE,Kansas City,443,126,180
-1,N/A,N/A,56820,1709720698793,2024-03-06 10:24:25.522+00,TCP,192.168.100.100,204.79.197.239,8068,MICROSOFT-CORP-MSN-AS-BLOCK,N/A,443,126,60
-1,N/A,N/A,60764,1709720691478,2024-03-06 10:24:51.469+00,UDP,192.168.100.100,8.8.8.8,15169,GOOGLE,N/A,53,351,95
-1,N/A,N/A,64302,1709720699043,2024-03-06 10:24:58.964+00,TCP,192.168.100.100,172.217.194.188,15169,GOOGLE,N/A,443,66,60
-1,N/A,N/A,53888,1709720694535,2024-03-06 10:15:08.184+00,TCP,192.168.100.100,64.233.170.188,15169,GOOGLE,N/A,5228,1704,1620
-1,N/A,N/A,62678,1709720684803,2024-03-06 10:24:29.817+00,TCP,192.168.100.100,140.82.113.26,36459,GITHUB,N/A,443,205,143
-1,N/A,N/A,55142,1709720683627,2024-03-06 10:24:43.619+00,UDP,192.168.100.100,8.8.8.8,15169,GOOGLE,N/A,53,351,95
-1,N/A,N/A,56836,1709720684840,2024-03-06 10:24:44.834+00,TCP,192.168.100.100,204.79.197.239,8068,MICROSOFT-CORP-MSN-AS-BLOCK,N/A,443,66,60
-1,N/A,N/A,61334,1709720694336,2024-03-06 10:24:53.67+00,UDP,192.168.100.100,74.125.130.84,15169,GOOGLE,N/A,443,5120,6935
-1,N/A,N/A,55280,1709720691940,2024-03-06 10:24:51.652+00,TCP,192.168.100.100,20.135.6.9,8075,MICROSOFT-CORP-MSN-AS-BLOCK,Phoenix,443,66,60
-1,N/A,N/A,53072,1709720685351,2024-03-06 10:24:43.661+00,TCP,192.168.100.100,142.250.206.170,15169,GOOGLE,N/A,443,6548,3127
-1,N/A,N/A,55686,1709720701209,2024-03-06 10:24:54.222+00,TCP,192.168.100.100,162.19.138.116,16276,OVH SAS,Frankfurt am Main,443,6208,2234
-1,N/A,N/A,55281,1709720678914,2024-03-06 10:24:38.649+00,TCP,192.168.100.100,20.135.6.9,8075,MICROSOFT-CORP-MSN-AS-BLOCK,Phoenix,443,60,60
-1,N/A,N/A,63299,1709720694550,2024-03-06 10:17:10.548+00,UDP,192.168.100.100,216.58.200.174,15169,GOOGLE,N/A,443,46173,41649
-1,N/A,N/A,62711,1709720681989,2024-03-06 10:24:41.981+00,TCP,192.168.100.100,172.217.161.5,15169,GOOGLE,N/A,443,66,60
-1,N/A,N/A,54640,1709720681506,2024-03-06 10:24:41.496+00,UDP,192.168.100.100,8.8.8.8,15169,GOOGLE,N/A,53,108,76
-1,N/A,N/A,55104,1709720691180,2024-03-06 10:23:17.85+00,TCP,192.168.100.100,52.72.128.194,14618,AMAZON-AES,Ashburn,443,596,744
-1,N/A,N/A,55954,1709720699696,2024-03-06 10:24:56.146+00,TCP,192.168.100.100,52.95.123.112,16509,AMAZON-02,Dublin,443,11939,10229
-1,N/A,N/A,55158,1709720679922,2024-03-06 10:24:39.913+00,UDP,192.168.100.100,8.8.8.8,15169,GOOGLE,N/A,53,135,78
-1,N/A,N/A,63022,1709720685672,2024-03-06 10:24:45.29+00,UDP,192.168.100.100,142.250.207.202,15169,GOOGLE,N/A,443,4329,3633
-1,N/A,N/A,62173,1709720676515,2024-03-06 10:24:36.277+00,TCP,192.168.100.100,20.210.223.40,8075,MICROSOFT-CORP-MSN-AS-BLOCK,Tokyo,443,101,172
-1,N/A,N/A,58232,1709720676969,2024-03-06 10:24:36.961+00,UDP,192.168.100.100,8.8.8.8,15169,GOOGLE,N/A,53,96,96
-1,N/A,N/A,55667,1709720694052,2024-03-06 10:24:53.793+00,TCP,192.168.100.100,23.211.206.146,9498,BHARTI Airtel Ltd.,Mumbai,443,873,1212
-1,N/A,N/A,59922,1709720684494,2024-03-06 10:24:42.018+00,UDP,192.168.100.100,142.250.207.234,15169,GOOGLE,N/A,443,6105,17549
-1,N/A,N/A,52632,1709720667311,2024-03-06 10:24:26.35+00,TCP,192.168.100.100,103.43.90.117,29990,ASN-APPNEX,Singapore,443,5842,31778
-1,N/A,N/A,62722,1709720686188,2024-03-06 10:24:46.181+00,TCP,192.168.100.100,99.86.47.11,16509,AMAZON-02,N/A,443,66,60
-1,N/A,N/A,55806,1709720663345,2024-03-06 10:24:22.94+00,UDP,192.168.100.100,142.250.194.6,15169,GOOGLE,N/A,443,7432,4709
-1,N/A,N/A,52638,1709720667236,2024-03-06 10:24:26.383+00,TCP,192.168.100.100,34.107.140.113,396982,GOOGLE-CLOUD-PLATFORM,Kansas City,443,1152,1348
-1,N/A,N/A,60946,1709720684983,2024-03-06 10:22:44.92+00,TCP,192.168.100.100,157.240.198.2,32934,FACEBOOK,Noida,443,3617,7097
-1,N/A,N/A,57493,1709720687187,2024-03-06 10:15:05.311+00,UDP,192.168.100.100,52.139.251.88,8075,MICROSOFT-CORP-MSN-AS-BLOCK,Singapore,3544,3473,2678
-1,N/A,N/A,55334,1709720667408,2024-03-06 10:24:27.402+00,TCP,192.168.100.100,204.79.197.239,8068,MICROSOFT-CORP-MSN-AS-BLOCK,N/A,443,66,60
-1,N/A,N/A,52290,1709720688668,2024-03-06 10:24:48.643+00,TCP,192.168.100.100,116.119.197.211,9498,BHARTI Airtel Ltd.,N/A,443,74,134
-1,N/A,N/A,53129,1709720663362,2024-03-06 10:24:23.346+00,UDP,192.168.100.100,8.8.8.8,15169,GOOGLE,N/A,53,94,78
-1,N/A,N/A,57164,1709720667985,2024-03-06 10:24:27.816+00,UDP,192.168.100.100,142.250.194.193,15169,GOOGLE,N/A,443,18074,4286
-1,N/A,N/A,54619,1709720698408,2024-03-06 10:15:17.877+00,TCP,192.168.100.100,54.85.240.191,14618,AMAZON-AES,Ashburn,443,6101,14434
-1,N/A,N/A,61813,1709720667659,2024-03-06 10:24:27.419+00,UDP,192.168.100.100,172.217.194.154,15169,GOOGLE,N/A,443,22718,8132
-1,N/A,N/A,54794,1709720686357,2024-03-06 10:24:45.986+00,TCP,192.168.100.100,157.240.198.17,32934,FACEBOOK,Noida,443,8255,3994
-1,N/A,N/A,56988,1709720676653,2024-03-06 10:24:36.647+00,TCP,192.168.100.100,13.107.3.128,8068,MICROSOFT-CORP-MSN-AS-BLOCK,N/A,443,66,60
-1,N/A,N/A,54796,1709720686086,2024-03-06 10:24:46.009+00,TCP,192.168.100.100,157.240.198.17,32934,FACEBOOK,Noida,443,831,890
-1,N/A,N/A,62209,1709720681343,2024-03-06 10:24:41.188+00,TCP,192.168.100.100,13.76.153.29,8075,MICROSOFT-CORP-MSN-AS-BLOCK,Singapore,443,100,171
-1,N/A,N/A,57856,1709720682443,2024-03-06 10:24:42.443+00,UDP,fe80::b3bc:a5c2:51d1:8981,ff02::1:3,-1,N/A,N/A,5355,0,92
-1,N/A,N/A,56723,1709720685448,2024-03-06 10:24:45.44+00,UDP,192.168.100.100,8.8.8.8,15169,GOOGLE,N/A,53,118,78
-1,N/A,N/A,58793,1709720697085,2024-03-06 10:23:33.898+00,UDP,192.168.100.100,142.250.206.110,15169,GOOGLE,N/A,443,12456,17432
-1,N/A,N/A,57796,1709720693179,2024-03-06 10:24:52.938+00,UDP,192.168.100.100,74.125.200.84,15169,GOOGLE,N/A,443,2578,1756
-1,N/A,N/A,49558,1709720672012,2024-03-06 10:24:32.003+00,UDP,192.168.100.100,8.8.8.8,15169,GOOGLE,N/A,53,212,92
-1,N/A,N/A,59801,1709720683934,2024-03-06 10:24:43.927+00,UDP,192.168.100.100,8.8.8.8,15169,GOOGLE,N/A,53,283,77
-1,N/A,N/A,52686,1709720677332,2024-03-06 10:24:27.942+00,TCP,192.168.100.100,67.199.150.90,62713,AS-PUBMATIC,Singapore,443,5633,5337
-1,N/A,N/A,58308,1709720663501,2024-03-06 10:24:23.311+00,TCP,192.168.100.100,3.7.36.101,16509,AMAZON-02,Mumbai,443,8914,2542
-1,N/A,N/A,51517,1709720695971,2024-03-06 10:24:55.758+00,UDP,192.168.100.100,142.250.192.227,15169,GOOGLE,N/A,443,8722,4869
-1,N/A,N/A,55253,1709720670380,2024-03-06 10:24:30.374+00,TCP,192.168.100.100,96.17.182.91,9498,BHARTI Airtel Ltd.,New Delhi,443,66,60
-1,N/A,N/A,49641,1709720690009,2024-03-06 10:23:37.72+00,UDP,192.168.100.100,163.70.146.63,32934,FACEBOOK,Delhi,443,8205,61719
-1,N/A,N/A,56743,1709720664076,2024-03-06 10:24:24.062+00,UDP,192.168.100.100,8.8.8.8,15169,GOOGLE,N/A,53,255,118
-1,N/A,N/A,54940,1709720680774,2024-03-06 10:24:40.695+00,TCP,192.168.100.100,142.250.193.3,15169,GOOGLE,N/A,80,484,549
-1,N/A,N/A,52530,1709720680848,2024-03-06 10:24:40.695+00,TCP,192.168.100.100,142.250.193.3,15169,GOOGLE,N/A,443,556,1124
-1,N/A,N/A,54942,1709720682661,2024-03-06 10:24:42.522+00,TCP,192.168.100.100,142.250.193.3,15169,GOOGLE,N/A,80,484,549
-1,N/A,N/A,52681,1709720677326,2024-03-06 10:24:27.836+00,TCP,192.168.100.100,104.17.202.110,13335,CLOUDFLARENET,N/A,443,65261,7889
-1,N/A,N/A,50569,1709720691851,2024-03-06 10:24:51.653+00,UDP,192.168.100.100,142.250.206.163,15169,GOOGLE,N/A,443,5754,4345
-1,N/A,N/A,64914,1709720693132,2024-03-06 10:24:52.862+00,UDP,192.168.100.100,74.125.24.155,15169,GOOGLE,N/A,443,25778,7109
-1,N/A,N/A,54078,1709720699132,2024-03-06 10:15:08.889+00,TCP,192.168.1.15,138.199.14.80,60068,Datacamp Limited,Marseille,443,6294,5940
-1,N/A,N/A,62333,1709720670059,2024-03-06 10:24:29.971+00,TCP,192.168.100.100,142.251.10.188,15169,GOOGLE,Queens,443,66,60
-1,N/A,N/A,52534,1709720682837,2024-03-06 10:24:42.52+00,TCP,192.168.100.100,142.250.193.3,15169,GOOGLE,N/A,443,556,1124
-1,N/A,N/A,59232,1709720691677,2024-03-06 10:24:51.38+00,UDP,192.168.100.100,96.17.182.207,9498,BHARTI Airtel Ltd.,New Delhi,443,7303,4146
-1,N/A,N/A,60294,1709720667310,2024-03-06 10:24:02.914+00,UDP,192.168.100.100,142.250.192.170,15169,GOOGLE,N/A,443,4847,3379
-1,N/A,N/A,57776,1709720686037,2024-03-06 10:24:46.029+00,UDP,192.168.100.100,8.8.8.8,15169,GOOGLE,N/A,53,121,74
-1,N/A,N/A,49454,1709720663767,2024-03-06 10:24:23.044+00,UDP,192.168.100.100,172.64.147.6,13335,CLOUDFLARENET,N/A,443,4426,2928
-1,N/A,N/A,54952,1709720682913,2024-03-06 10:24:42.839+00,TCP,192.168.100.100,142.250.193.3,15169,GOOGLE,N/A,80,484,549
-1,N/A,N/A,62775,1709720701910,2024-03-06 10:25:01.91+00,TCP,192.168.100.100,13.89.179.10,8075,MICROSOFT-CORP-MSN-AS-BLOCK,Des Moines,443,0,66
-1,N/A,N/A,52544,1709720683008,2024-03-06 10:24:42.837+00,TCP,192.168.100.100,142.250.193.3,15169,GOOGLE,N/A,443,1597,1555
-1,N/A,N/A,55272,1709720690007,2024-03-06 10:24:50.001+00,TCP,192.168.100.100,96.17.182.91,9498,BHARTI Airtel Ltd.,New Delhi,443,66,60
-1,N/A,N/A,57935,1709720692269,2024-03-06 10:24:51.943+00,UDP,192.168.100.100,142.250.207.234,15169,GOOGLE,N/A,443,6140,12185
-1,N/A,N/A,56380,1709720696382,2024-03-06 10:24:55.783+00,TCP,192.168.100.100,18.164.228.8,16509,AMAZON-02,N/A,443,7988,2223
-1,N/A,N/A,62758,1709720675589,2024-03-06 10:24:35.435+00,TCP,192.168.100.100,172.217.167.35,15169,GOOGLE,N/A,443,12894,1065
-1,N/A,N/A,54962,1709720683259,2024-03-06 10:24:43.195+00,TCP,192.168.100.100,142.250.193.3,15169,GOOGLE,N/A,80,484,549
-1,N/A,N/A,54279,1709720683066,2024-03-06 10:24:43.066+00,TCP,192.168.100.100,192.168.0.72,-1,N/A,N/A,443,0,60
-1,N/A,N/A,62765,1709720680949,2024-03-06 10:24:40.673+00,TCP,192.168.100.100,216.58.221.35,15169,GOOGLE,N/A,443,5918,1276
-1,N/A,N/A,54280,1709720685067,2024-03-06 10:24:45.067+00,TCP,192.168.100.100,192.168.0.72,-1,N/A,N/A,443,0,60
-1,N/A,N/A,52558,1709720683488,2024-03-06 10:24:43.179+00,TCP,192.168.100.100,142.250.193.3,15169,GOOGLE,N/A,443,1597,1489
-1,N/A,N/A,58291,1709720690923,2024-03-06 10:24:20.714+00,TCP,192.168.100.100,66.117.22.159,16509,AMAZON-02,N/A,443,4552,1437
-1,N/A,N/A,52454,1709720675634,2024-03-06 10:22:44.697+00,TCP,192.168.100.100,74.125.68.188,15169,GOOGLE,N/A,5228,1728,1959
-1,N/A,N/A,55257,1709720681312,2024-03-06 10:24:41.037+00,TCP,192.168.100.100,20.44.10.123,8075,MICROSOFT-CORP-MSN-AS-BLOCK,Des Moines,443,66,60
-1,N/A,N/A,57472,1709720691853,2024-03-06 10:24:51.548+00,UDP,192.168.100.100,142.250.77.202,15169,GOOGLE,Plainview,443,6219,4500
-1,N/A,N/A,53658,1709720696565,2024-03-06 10:24:56.439+00,TCP,192.168.100.100,20.198.118.190,8075,MICROSOFT-CORP-MSN-AS-BLOCK,Pune,443,229,158
-1,N/A,N/A,56780,1709720686628,2024-03-06 10:24:46.619+00,UDP,192.168.100.100,8.8.8.8,15169,GOOGLE,N/A,53,84,84
-1,N/A,N/A,52716,1709720687302,2024-03-06 10:24:41.252+00,TCP,192.168.100.100,104.17.202.110,13335,CLOUDFLARENET,N/A,443,3460,3959
-1,N/A,N/A,55600,1709720681766,2024-03-06 10:24:38.65+00,TCP,192.168.100.100,23.223.243.42,9498,BHARTI Airtel Ltd.,New Delhi,443,137203,5621
-1,N/A,N/A,54779,1709720687504,2024-03-06 10:24:47.37+00,UDP,192.168.100.100,116.119.74.85,9498,BHARTI Airtel Ltd.,N/A,443,35080,3212
-1,N/A,N/A,55359,1709720668146,2024-03-06 10:24:28.138+00,TCP,192.168.100.100,142.250.194.33,15169,GOOGLE,N/A,443,66,60
-1,N/A,N/A,55682,1709720695623,2024-03-06 10:24:53.96+00,TCP,192.168.100.100,70.42.32.223,22075,AS-OUTBRAIN,N/A,443,5365,2968
-1,N/A,N/A,54730,1709720665521,2024-03-06 10:24:25.244+00,UDP,192.168.100.100,142.250.194.142,15169,GOOGLE,N/A,443,7403,9238
-1,N/A,N/A,56842,1709720685486,2024-03-06 10:24:44.331+00,TCP,192.168.100.100,40.91.80.89,8075,MICROSOFT-CORP-MSN-AS-BLOCK,N/A,443,3604,1999
-1,N/A,N/A,50134,1709720688462,2024-03-06 10:24:48.447+00,UDP,192.168.100.100,8.8.8.8,15169,GOOGLE,N/A,53,107,91
-1,N/A,N/A,53207,1709720688105,2024-03-06 10:24:48.098+00,UDP,192.168.100.100,8.8.8.8,15169,GOOGLE,N/A,53,96,96
-1,N/A,N/A,55685,1709720701739,2024-03-06 10:24:54.211+00,TCP,192.168.100.100,70.42.32.223,22075,AS-OUTBRAIN,N/A,443,3930,1177
-1,N/A,N/A,58849,1709720690270,2024-03-06 10:24:50.263+00,UDP,192.168.100.100,8.8.8.8,15169,GOOGLE,N/A,53,172,82
-1,N/A,N/A,58284,1709720664608,2024-03-06 10:24:19.96+00,TCP,192.168.100.100,23.41.28.196,9498,BHARTI Airtel Ltd.,New Delhi,443,6510,36629
-1,N/A,N/A,52687,1709720677255,2024-03-06 10:24:27.948+00,TCP,192.168.100.100,142.250.206.162,15169,GOOGLE,N/A,443,6215,1158
-1,N/A,N/A,54808,1709720675926,2024-03-06 10:24:35.82+00,TCP,192.168.100.100,20.187.186.89,8075,MICROSOFT-CORP-MSN-AS-BLOCK,Hong Kong,443,66,60
-1,N/A,N/A,57016,1709720674336,2024-03-06 10:24:34.313+00,TCP,192.168.100.100,23.223.243.40,9498,BHARTI Airtel Ltd.,New Delhi,80,487,411
-1,N/A,N/A,52659,1709720677257,2024-03-06 10:24:27.446+00,TCP,192.168.100.100,142.250.192.196,15169,GOOGLE,N/A,443,5921,1206
-1,N/A,N/A,51046,1709720688660,2024-03-06 10:24:48.639+00,TCP,192.168.100.100,116.119.107.18,9498,BHARTI Airtel Ltd.,N/A,443,74,134
-1,N/A,N/A,62085,1709720665492,2024-03-06 10:24:25.271+00,UDP,192.168.100.100,142.250.207.234,15169,GOOGLE,N/A,443,7190,8458
-1,N/A,N/A,55617,1709720681701,2024-03-06 10:24:41.246+00,TCP,192.168.100.100,23.41.29.58,9498,BHARTI Airtel Ltd.,New Delhi,443,209751,8119
-1,N/A,N/A,56825,1709720688633,2024-03-06 10:24:48.374+00,TCP,192.168.100.100,20.42.72.131,8075,MICROSOFT-CORP-MSN-AS-BLOCK,Washington,443,60,120
-1,N/A,N/A,59305,1709720675092,2024-03-06 10:24:34.833+00,TCP,192.168.100.100,35.236.238.213,396982,GOOGLE-CLOUD-PLATFORM,Washington,443,66,60
-1,N/A,N/A,55620,1709720701745,2024-03-06 10:24:41.647+00,TCP,192.168.100.100,23.41.29.58,9498,BHARTI Airtel Ltd.,New Delhi,443,657,1213
-1,N/A,N/A,55327,1709720667205,2024-03-06 10:24:27.198+00,TCP,192.168.100.100,142.250.194.98,15169,GOOGLE,N/A,443,66,60
-1,N/A,N/A,62766,1709720681576,2024-03-06 10:24:41.423+00,TCP,192.168.100.100,23.223.243.83,9498,BHARTI Airtel Ltd.,New Delhi,443,5771,1295
-1,N/A,N/A,52248,1709720691667,2024-03-06 10:24:15.746+00,UDP,192.168.100.100,142.250.194.98,15169,GOOGLE,N/A,443,53260,10474
-1,N/A,N/A,54225,1709720690655,2024-03-06 10:24:50.272+00,UDP,192.168.100.100,142.250.192.170,15169,GOOGLE,N/A,443,7539,3790
-1,N/A,N/A,57004,1709720692917,2024-03-06 10:24:52.91+00,TCP,192.168.100.100,35.190.7.221,15169,GOOGLE,Kansas City,443,66,60
-1,N/A,N/A,52683,1709720677257,2024-03-06 10:24:27.872+00,TCP,192.168.100.100,142.250.194.193,15169,GOOGLE,N/A,443,5975,1157
-1,N/A,N/A,55309,1709720677907,2024-03-06 10:24:37.9+00,TCP,192.168.100.100,18.164.246.127,16509,AMAZON-02,N/A,443,66,60
-1,N/A,N/A,55324,1709720681729,2024-03-06 10:24:41.721+00,TCP,192.168.100.100,23.203.207.221,16625,AKAMAI-AS,New Delhi,80,60,120
-1,N/A,N/A,57010,1709720693583,2024-03-06 10:24:53.577+00,TCP,192.168.100.100,35.190.7.221,15169,GOOGLE,Kansas City,443,66,60
-1,N/A,N/A,55429,1709720669113,2024-03-06 10:24:29.077+00,TCP,192.168.100.100,142.250.194.14,15169,GOOGLE,N/A,443,66,60
-1,N/A,N/A,55565,1709720664813,2024-03-06 10:24:17.078+00,TCP,192.168.100.100,50.116.239.135,6336,TURN-US-ASN,N/A,443,5769,1902
-1,N/A,N/A,54751,1709720701793,2024-03-06 10:15:09.799+00,UDP,192.168.100.100,216.58.200.174,15169,GOOGLE,N/A,443,37676,32194
-1,N/A,N/A,51724,1709720687300,2024-03-06 10:24:47.292+00,UDP,192.168.100.100,8.8.8.8,15169,GOOGLE,N/A,53,107,91
-1,N/A,N/A,55316,1709720666577,2024-03-06 10:24:26.57+00,TCP,192.168.100.100,151.101.194.137,54113,FASTLY,N/A,443,66,60
-1,N/A,N/A,55372,1709720668945,2024-03-06 10:24:28.842+00,TCP,192.168.100.100,74.125.200.84,15169,GOOGLE,N/A,443,66,60
-1,N/A,N/A,50195,1709720691505,2024-03-06 10:24:51.49+00,UDP,192.168.100.100,8.8.8.8,15169,GOOGLE,N/A,53,112,70
-1,N/A,N/A,63284,1709720694431,2024-03-06 10:24:53.959+00,UDP,192.168.100.100,172.64.151.101,13335,CLOUDFLARENET,N/A,443,3687,3707
-1,N/A,N/A,58247,1709720693233,2024-03-06 10:15:07.698+00,TCP,192.168.100.100,35.174.127.31,14618,AMAZON-AES,Ashburn,443,16165,15987
-1,N/A,N/A,51738,1709720685947,2024-03-06 10:24:45.936+00,UDP,192.168.100.100,8.8.8.8,15169,GOOGLE,N/A,53,122,82
-1,N/A,N/A,58333,1709720691506,2024-03-06 10:24:51.336+00,TCP,192.168.100.100,142.250.192.202,15169,GOOGLE,N/A,443,6306,979
-1,N/A,N/A,49850,1709720694355,2024-03-06 10:24:53.087+00,UDP,192.168.100.100,172.217.167.226,15169,GOOGLE,N/A,443,5696,4099
-1,N/A,N/A,58394,1709720694048,2024-03-06 10:24:54.039+00,UDP,192.168.100.100,8.8.8.8,15169,GOOGLE,N/A,53,212,74
-1,N/A,N/A,58303,1709720693372,2024-03-06 10:24:23.044+00,TCP,192.168.100.100,66.117.22.233,16509,AMAZON-02,N/A,443,16677,13105
-1,N/A,N/A,50008,1709720681371,2024-03-06 10:24:26.029+00,UDP,192.168.100.100,108.158.221.69,16509,AMAZON-02,N/A,443,9371,7926
-1,N/A,N/A,55607,1709720682414,2024-03-06 10:24:39.248+00,TCP,192.168.100.100,34.149.43.113,396982,GOOGLE-CLOUD-PLATFORM,Kansas City,443,6264,2947
-1,N/A,N/A,55254,1709720677906,2024-03-06 10:24:07.533+00,TCP,192.168.100.100,96.17.182.216,9498,BHARTI Airtel Ltd.,New Delhi,443,324,300
-1,N/A,N/A,52511,1709720689672,2024-03-06 10:21:08.01+00,TCP,192.168.100.100,136.143.191.144,2639,ZOHO-AS,N/A,443,6278,4227
-1,N/A,N/A,56354,1709720687277,2024-03-06 10:24:47.268+00,UDP,192.168.100.100,8.8.8.8,15169,GOOGLE,N/A,53,107,91
-1,N/A,N/A,52690,1709720677256,2024-03-06 10:24:28.006+00,TCP,192.168.100.100,172.217.160.226,15169,GOOGLE,N/A,443,5971,1125
-1,N/A,N/A,55817,1709720695341,2024-03-06 10:23:43.739+00,UDP,192.168.100.100,142.250.206.162,15169,GOOGLE,N/A,443,175175,23202
-1,N/A,N/A,55624,1709720683327,2024-03-06 10:24:42.409+00,TCP,192.168.100.100,54.70.201.112,16509,AMAZON-02,Boardman,443,4018,1137
-1,N/A,N/A,55625,1709720685050,2024-03-06 10:24:42.409+00,TCP,192.168.100.100,54.70.201.112,16509,AMAZON-02,Boardman,443,19392,16413
-1,N/A,N/A,53932,1709720698145,2024-03-06 10:15:02.864+00,TCP,192.168.100.100,13.107.42.14,8068,MICROSOFT-CORP-MSN-AS-BLOCK,N/A,443,127135,411652
-1,N/A,N/A,55626,1709720683330,2024-03-06 10:24:42.409+00,TCP,192.168.100.100,54.70.201.112,16509,AMAZON-02,Boardman,443,4018,1137
-1,N/A,N/A,60942,1709720667947,2024-03-06 10:24:26.934+00,UDP,192.168.100.100,142.250.206.162,15169,GOOGLE,N/A,443,125207,15047
-1,N/A,N/A,61922,1709720681320,2024-03-06 10:24:41.068+00,UDP,192.168.100.100,142.250.194.206,15169,GOOGLE,N/A,443,24075,5829
-1,N/A,N/A,55627,1709720683327,2024-03-06 10:24:42.409+00,TCP,192.168.100.100,54.70.201.112,16509,AMAZON-02,Boardman,443,3895,1197
-1,N/A,N/A,55628,1709720683330,2024-03-06 10:24:42.409+00,TCP,192.168.100.100,54.70.201.112,16509,AMAZON-02,Boardman,443,4018,1073
-1,N/A,N/A,58383,1709720666092,2024-03-06 10:24:23.997+00,UDP,192.168.100.100,142.250.192.163,15169,GOOGLE,N/A,443,4847,3576
-1,N/A,N/A,55629,1709720683714,2024-03-06 10:24:42.671+00,TCP,192.168.100.100,54.70.201.112,16509,AMAZON-02,Boardman,443,3958,997
-1,N/A,N/A,64048,1709720678552,2024-03-06 10:24:38.358+00,UDP,192.168.100.100,142.250.194.131,15169,GOOGLE,N/A,443,4794,2819
-1,N/A,N/A,59952,1709720681454,2024-03-06 10:24:41.335+00,UDP,192.168.100.100,142.250.194.131,15169,GOOGLE,N/A,443,6511,3099
-1,N/A,N/A,57493,1709720687187,2024-03-06 10:15:05.311+00,UDP,192.168.1.15,52.139.251.88,8075,MICROSOFT-CORP-MSN-AS-BLOCK,Singapore,3544,3473,2678
-1,N/A,N/A,59524,1709720699889,2024-03-06 10:24:59.819+00,TCP,192.168.100.100,157.240.198.63,32934,FACEBOOK,Noida,443,140,272
-1,N/A,N/A,51770,1709720682017,2024-03-06 10:24:39.869+00,TCP,192.168.100.100,142.250.206.138,15169,GOOGLE,N/A,443,8219,5608
-1,N/A,N/A,52608,1709720677330,2024-03-06 10:24:26.262+00,TCP,192.168.100.100,104.22.5.69,13335,CLOUDFLARENET,N/A,443,3248,7721
-1,N/A,N/A,55637,1709720688969,2024-03-06 10:24:43.536+00,TCP,192.168.100.100,34.149.43.113,396982,GOOGLE-CLOUD-PLATFORM,Kansas City,443,6345,3084
-1,N/A,N/A,55473,1709720694333,2024-03-06 10:24:19.479+00,TCP,192.168.100.100,185.84.60.23,198622,Adform A/S,N/A,443,5017,2636
-1,N/A,N/A,52676,1709720677515,2024-03-06 10:24:27.807+00,TCP,192.168.100.100,130.211.115.4,396982,GOOGLE-CLOUD-PLATFORM,Council Bluffs,443,4321,8881
-1,N/A,N/A,61919,1709720682756,2024-03-06 10:23:35.756+00,TCP,192.168.100.100,162.159.134.234,13335,CLOUDFLARENET,N/A,443,1101,616
-1,N/A,N/A,63647,1709720691937,2024-03-06 10:24:51.784+00,UDP,192.168.100.100,142.250.194.33,15169,GOOGLE,N/A,443,6546,4494
-1,N/A,N/A,55643,1709720693800,2024-03-06 10:24:48.962+00,TCP,192.168.100.100,34.149.43.113,396982,GOOGLE-CLOUD-PLATFORM,Kansas City,443,6269,2036
-1,N/A,N/A,55644,1709720693800,2024-03-06 10:24:48.962+00,TCP,192.168.100.100,34.149.43.113,396982,GOOGLE-CLOUD-PLATFORM,Kansas City,443,6329,3291
-1,N/A,N/A,55371,1709720701739,2024-03-06 10:24:29.125+00,TCP,192.168.100.100,54.189.176.132,16509,AMAZON-02,Boardman,443,324,420
-1,N/A,N/A,56992,1709720699900,2024-03-06 10:23:15.047+00,TCP,192.168.100.100,203.17.244.49,137409,GSL Networks Pty LTD,Amsterdam,443,5102,3477
-1,N/A,N/A,54668,1709720701914,2024-03-06 10:24:55.784+00,TCP,192.168.100.100,108.158.221.69,16509,AMAZON-02,N/A,443,60235,27310
-1,N/A,N/A,55374,1709720689246,2024-03-06 10:24:29.341+00,TCP,192.168.100.100,54.189.176.132,16509,AMAZON-02,Boardman,443,264,240
-1,N/A,N/A,55349,1709720667778,2024-03-06 10:24:27.698+00,TCP,192.168.100.100,142.251.12.157,15169,GOOGLE,Queens,443,66,60
-1,N/A,N/A,62208,1709720696366,2024-03-06 10:23:04.232+00,UDP,192.168.100.100,142.250.193.202,15169,GOOGLE,N/A,443,17020,16345
-1,N/A,N/A,52691,1709720677783,2024-03-06 10:24:28.057+00,TCP,192.168.100.100,130.211.115.4,396982,GOOGLE-CLOUD-PLATFORM,Council Bluffs,443,3798,1453
-1,N/A,N/A,54674,1709720699957,2024-03-06 10:24:58.954+00,TCP,192.168.100.100,108.158.221.69,16509,AMAZON-02,N/A,443,2068,20244
-1,N/A,N/A,50763,1709720684712,2024-03-06 10:24:44.704+00,UDP,192.168.100.100,8.8.8.8,15169,GOOGLE,N/A,53,90,74
-1,N/A,N/A,55570,1709720693780,2024-03-06 10:24:18.116+00,TCP,192.168.100.100,44.226.115.202,16509,AMAZON-02,Boardman,443,51696,10431
-1,N/A,N/A,56399,1709720686158,2024-03-06 10:24:46.15+00,UDP,192.168.100.100,8.8.8.8,15169,GOOGLE,N/A,53,107,91
-1,N/A,N/A,57795,1709720691787,2024-03-06 10:15:07.081+00,TCP,192.168.100.100,52.231.20.35,8075,MICROSOFT-CORP-MSN-AS-BLOCK,Seoul,8883,2600,2120
-1,N/A,N/A,55362,1709720670234,2024-03-06 10:24:30.084+00,TCP,192.168.100.100,20.194.184.156,8075,MICROSOFT-CORP-MSN-AS-BLOCK,Tokyo,443,66,60
-1,N/A,N/A,52635,1709720667316,2024-03-06 10:24:26.36+00,TCP,192.168.100.100,13.250.173.68,16509,AMAZON-02,Singapore,443,8892,26633
-1,N/A,N/A,60331,1709720687136,2024-03-06 10:15:05.041+00,UDP,192.168.100.100,142.250.193.42,15169,GOOGLE,N/A,443,25189,26541
-1,N/A,N/A,49673,1709720700454,2024-03-06 10:15:09.8+00,TCP,192.168.100.100,51.89.42.215,16276,OVH SAS,London,443,6534,6180
-1,N/A,N/A,58775,1709720696142,2024-03-06 10:24:52.846+00,UDP,192.168.100.100,157.240.239.63,32934,FACEBOOK,Noida,443,9555,4069
-1,N/A,N/A,55261,1709720699824,2024-03-06 10:24:59.539+00,TCP,192.168.100.100,52.239.175.4,8075,MICROSOFT-CORP-MSN-AS-BLOCK,Boydton,443,60,120
-1,N/A,N/A,54279,1709720683066,2024-03-06 10:24:43.066+00,TCP,192.168.100.100,192.168.0.72,-1,N/A,N/A,80,0,60
-1,N/A,N/A,56894,1709720698745,2024-03-06 10:15:01.703+00,UDP,192.168.1.122,192.168.1.63,-1,N/A,N/A,514,0,1233490
-1,N/A,N/A,55560,1709720687243,2024-03-06 10:24:16.275+00,TCP,192.168.100.100,18.143.213.221,16509,AMAZON-02,Singapore,443,93639,10946
-1,N/A,N/A,54280,1709720685066,2024-03-06 10:24:45.066+00,TCP,192.168.100.100,192.168.0.72,-1,N/A,N/A,80,0,60
-1,N/A,N/A,55350,1709720683715,2024-03-06 10:24:28.412+00,TCP,192.168.100.100,44.240.84.175,16509,AMAZON-02,Boardman,443,211,180
-1,N/A,N/A,55386,1709720686829,2024-03-06 10:24:46.812+00,UDP,192.168.100.100,8.8.8.8,15169,GOOGLE,N/A,53,138,74
-1,N/A,N/A,55347,1709720673740,2024-03-06 10:24:33.732+00,TCP,192.168.100.100,216.239.32.181,15169,GOOGLE,N/A,443,66,60
-1,N/A,N/A,64955,1709720680906,2024-03-06 10:24:40.615+00,UDP,192.168.100.100,216.58.221.35,15169,GOOGLE,N/A,443,6217,3987
-1,N/A,N/A,57493,1709720676148,2024-03-06 10:24:33.121+00,UDP,192.168.1.3,239.255.255.250,-1,N/A,N/A,1900,0,864
-1,N/A,N/A,49269,1709720675081,2024-03-06 10:24:35.002+00,TCP,192.168.100.100,20.212.88.117,8075,MICROSOFT-CORP-MSN-AS-BLOCK,Singapore,443,66,60
-1,N/A,N/A,62755,1709720675435,2024-03-06 10:24:25.071+00,TCP,192.168.1.5,192.168.1.140,-1,N/A,N/A,1880,9342,422711
-1,N/A,N/A,61204,1709720667788,2024-03-06 10:24:27.607+00,UDP,192.168.100.100,142.250.193.206,15169,GOOGLE,N/A,443,6250,3843
-1,N/A,N/A,61954,1709720678979,2024-03-06 10:24:38.979+00,UDP,192.168.1.191,192.168.1.63,-1,N/A,N/A,514,0,133
-1,N/A,N/A,55397,1709720668992,2024-03-06 10:24:28.958+00,TCP,192.168.100.100,142.250.194.138,15169,GOOGLE,N/A,443,66,60
-1,N/A,N/A,55405,1709720668961,2024-03-06 10:24:28.927+00,TCP,192.168.100.100,142.250.194.131,15169,GOOGLE,N/A,443,66,60
-1,N/A,N/A,56816,1709720696672,2024-03-06 10:24:51.367+00,TCP,192.168.100.100,172.217.161.2,15169,GOOGLE,N/A,443,6396,4465
-1,N/A,N/A,49500,1709720699038,2024-03-06 10:24:59.038+00,TCP,192.168.100.100,192.168.1.29,-1,N/A,N/A,33333,0,86
-1,N/A,N/A,56818,1709720695783,2024-03-06 10:24:51.367+00,TCP,192.168.100.100,172.217.161.2,15169,GOOGLE,N/A,443,8798,12587
-1,N/A,N/A,54090,1709720682378,2024-03-06 10:22:44.911+00,UDP,192.168.100.100,116.119.77.160,9498,BHARTI Airtel Ltd.,N/A,443,1496394,11307
-1,N/A,N/A,54943,1709720682430,2024-03-06 10:24:39.408+00,UDP,192.168.1.5,239.255.255.250,-1,N/A,N/A,1900,0,868
-1,N/A,N/A,56820,1709720695783,2024-03-06 10:24:51.383+00,TCP,192.168.100.100,172.217.161.2,15169,GOOGLE,N/A,443,6781,12783
-1,N/A,N/A,53864,1709720701524,2024-03-06 10:25:01.335+00,UDP,192.168.100.100,142.250.194.131,15169,GOOGLE,N/A,443,4779,2779
-1,N/A,N/A,62770,1709720695829,2024-03-06 10:24:55.604+00,TCP,192.168.100.100,23.223.243.48,9498,BHARTI Airtel Ltd.,New Delhi,80,545,490
-1,N/A,N/A,54944,1709720682419,2024-03-06 10:24:39.408+00,UDP,192.168.1.5,239.255.255.250,-1,N/A,N/A,1900,0,864
-1,N/A,N/A,61694,1709720691839,2024-03-06 10:24:51.548+00,UDP,192.168.100.100,142.250.193.238,15169,GOOGLE,N/A,443,4347,2872
-1,N/A,N/A,62747,1709720679713,2024-03-06 10:24:39.694+00,TCP,192.168.100.100,35.190.7.221,15169,GOOGLE,Kansas City,443,60,120
-1,N/A,N/A,55687,1709720701747,2024-03-06 10:24:57.734+00,TCP,192.168.100.100,34.149.43.113,396982,GOOGLE-CLOUD-PLATFORM,Kansas City,443,1556,2182
-1,N/A,N/A,56580,1709720667726,2024-03-06 10:24:27.603+00,UDP,192.168.100.100,142.250.207.234,15169,GOOGLE,N/A,443,5458,3738
-1,N/A,N/A,62767,1709720685407,2024-03-06 10:24:45.167+00,TCP,192.168.1.5,192.168.1.140,-1,N/A,N/A,1880,2082,987
-1,N/A,N/A,55688,1709720701972,2024-03-06 10:25:01.74+00,TCP,192.168.100.100,34.149.43.113,396982,GOOGLE-CLOUD-PLATFORM,Kansas City,443,503,2098
-1,N/A,N/A,59202,1709720668834,2024-03-06 10:24:13.593+00,TCP,192.168.100.100,157.180.199.184,60664,x-ion GmbH,N/A,443,8988,5202
-1,N/A,N/A,55589,1709720686676,2024-03-06 10:24:45.441+00,UDP,192.168.100.100,142.250.207.202,15169,GOOGLE,N/A,443,10013,8167
-1,N/A,N/A,62768,1709720697160,2024-03-06 10:24:45.196+00,TCP,192.168.1.5,192.168.1.140,-1,N/A,N/A,1880,13231,424281
-1,N/A,N/A,61969,1709720682756,2024-03-06 10:22:22.777+00,TCP,192.168.100.100,162.159.134.234,13335,CLOUDFLARENET,N/A,443,6971,3772
-1,N/A,N/A,62769,1709720688765,2024-03-06 10:24:48.747+00,TCP,192.168.1.5,192.168.1.140,-1,N/A,N/A,1880,556,1198
-1,N/A,N/A,56893,1709720669199,2024-03-06 10:24:28.629+00,TCP,192.168.100.100,20.198.118.190,8075,MICROSOFT-CORP-MSN-AS-BLOCK,Pune,443,456,223
-1,N/A,N/A,62062,1709720695939,2024-03-06 10:24:54.849+00,TCP,192.168.100.100,142.250.194.142,15169,GOOGLE,N/A,443,7989,1055
-1,N/A,N/A,62771,1709720697192,2024-03-06 10:24:57.16+00,TCP,192.168.1.5,192.168.1.140,-1,N/A,N/A,1880,556,1166
-1,N/A,N/A,54848,1709720699533,2024-03-06 10:24:55.887+00,TCP,192.168.100.100,52.119.198.189,16509,AMAZON-02,Ashburn,443,11099,4067
-1,N/A,N/A,62772,1709720697269,2024-03-06 10:24:57.182+00,TCP,192.168.1.5,192.168.1.140,-1,N/A,N/A,1880,3129,1984
-1,N/A,N/A,57844,1709720701910,2024-03-06 10:23:36.992+00,TCP,192.168.100.100,157.240.239.11,32934,FACEBOOK,Noida,443,24303,73780
-1,N/A,N/A,55348,1709720667864,2024-03-06 10:24:27.855+00,TCP,192.168.100.100,142.250.194.206,15169,GOOGLE,N/A,443,66,60
-1,N/A,N/A,55296,1709720677938,2024-03-06 10:24:37.931+00,TCP,192.168.100.100,108.158.245.3,16509,AMAZON-02,N/A,443,66,60
-1,N/A,N/A,63044,1709720691824,2024-03-06 10:23:48.609+00,UDP,192.168.100.100,216.239.32.181,15169,GOOGLE,N/A,443,9364,8888
-1,N/A,N/A,53613,1709720685401,2024-03-06 10:24:45.401+00,TCP,192.168.100.100,192.168.1.29,-1,N/A,N/A,33333,0,86
-1,N/A,N/A,55645,1709720691128,2024-03-06 10:24:49.649+00,TCP,192.168.100.100,52.168.117.168,8075,MICROSOFT-CORP-MSN-AS-BLOCK,Washington,443,7601,2970
-1,N/A,N/A,56440,1709720691279,2024-03-06 10:24:51.271+00,UDP,192.168.100.100,8.8.8.8,15169,GOOGLE,N/A,53,347,91
-1,N/A,N/A,58269,1709720682841,2024-03-06 10:24:42.841+00,TCP,192.168.100.100,142.250.4.188,15169,GOOGLE,N/A,5228,0,60
-1,N/A,N/A,50236,1709720690479,2024-03-06 10:24:36.464+00,UDP,192.168.100.100,142.250.192.196,15169,GOOGLE,N/A,443,74434,15880
-1,N/A,N/A,55469,1709720669617,2024-03-06 10:24:29.575+00,TCP,192.168.100.100,142.250.206.98,15169,GOOGLE,N/A,443,66,60
-1,N/A,N/A,62054,1709720690916,2024-03-06 10:24:50.326+00,TCP,192.168.100.100,142.250.192.170,15169,GOOGLE,N/A,443,11719,1127
-1,N/A,N/A,55939,1709720670015,2024-03-06 10:24:27.405+00,UDP,192.168.100.100,142.251.128.131,15169,GOOGLE,Farmingdale,443,8897,8837
-1,N/A,N/A,62045,1709720695070,2024-03-06 10:24:54.834+00,UDP,192.168.100.100,142.250.194.170,15169,GOOGLE,N/A,443,11775,8378
-1,N/A,N/A,55490,1709720669654,2024-03-06 10:24:29.544+00,TCP,192.168.100.100,67.199.150.82,62713,AS-PUBMATIC,Singapore,443,60,60
-1,N/A,N/A,58280,1709720683724,2024-03-06 10:23:13.241+00,TCP,192.168.100.100,142.250.4.188,15169,GOOGLE,N/A,5228,8323,1614
-1,N/A,N/A,55315,1709720666821,2024-03-06 10:24:26.814+00,TCP,192.168.100.100,142.250.195.3,15169,GOOGLE,N/A,443,66,60
-1,N/A,N/A,51864,1709720675753,2024-03-06 10:24:35.354+00,UDP,192.168.100.100,216.239.32.116,15169,GOOGLE,N/A,443,6720,4656
-1,N/A,N/A,56971,1709720683971,2024-03-06 10:24:43.963+00,UDP,192.168.100.100,8.8.8.8,15169,GOOGLE,N/A,53,129,76
-1,N/A,N/A,56988,1709720666995,2024-03-06 10:24:26.343+00,UDP,192.168.100.100,34.107.140.113,396982,GOOGLE-CLOUD-PLATFORM,Kansas City,443,7811,16216
-1,N/A,N/A,60992,1709720669104,2024-03-06 10:24:28.742+00,UDP,192.168.100.100,142.250.192.206,15169,GOOGLE,N/A,443,6050,2850
-1,N/A,N/A,62063,1709720695939,2024-03-06 10:24:54.863+00,TCP,192.168.100.100,142.250.194.170,15169,GOOGLE,N/A,443,11705,1246
-1,N/A,N/A,55312,1709720666706,2024-03-06 10:24:26.681+00,TCP,192.168.100.100,172.217.161.10,15169,GOOGLE,N/A,443,66,60
-1,N/A,N/A,56983,1709720674547,2024-03-06 10:24:34.541+00,TCP,192.168.100.100,52.113.194.132,8068,MICROSOFT-CORP-MSN-AS-BLOCK,N/A,443,66,60
-1,N/A,N/A,54271,1709720687523,2024-03-06 10:15:02.209+00,UDP,192.168.100.100,23.223.243.18,9498,BHARTI Airtel Ltd.,New Delhi,443,2763,3061
-1,N/A,N/A,55323,1709720666813,2024-03-06 10:24:26.806+00,TCP,192.168.100.100,99.86.47.3,16509,AMAZON-02,N/A,443,66,60
-1,N/A,N/A,64629,1709720695012,2024-03-06 10:24:16.204+00,UDP,192.168.100.100,142.250.206.162,15169,GOOGLE,N/A,443,8465,12110
-1,N/A,N/A,64118,1709720669153,2024-03-06 10:24:27.925+00,UDP,192.168.100.100,142.250.206.162,15169,GOOGLE,N/A,443,8003,5349
-1,N/A,N/A,55489,1709720671072,2024-03-06 10:24:31.064+00,TCP,192.168.100.100,142.250.194.98,15169,GOOGLE,N/A,443,66,60
-1,N/A,N/A,55539,1709720670978,2024-03-06 10:24:30.971+00,TCP,192.168.100.100,18.66.78.52,16509,AMAZON-02,N/A,443,66,60
-1,N/A,N/A,52631,1709720667315,2024-03-06 10:24:26.343+00,TCP,192.168.100.100,182.161.73.145,55569,Criteo APAC,N/A,443,3747,11736
-1,N/A,N/A,59547,1709720681674,2024-03-06 10:24:41.367+00,UDP,192.168.100.100,142.250.194.131,15169,GOOGLE,N/A,443,5338,2856
-1,N/A,N/A,52633,1709720667317,2024-03-06 10:24:26.353+00,TCP,192.168.100.100,182.161.73.145,55569,Criteo APAC,N/A,443,2613,8735
-1,N/A,N/A,55403,1709720669426,2024-03-06 10:24:29.388+00,TCP,192.168.100.100,142.250.194.193,15169,GOOGLE,N/A,443,66,60
-1,N/A,N/A,63700,1709720694540,2024-03-06 10:15:04.71+00,TCP,192.168.100.100,138.199.14.91,60068,Datacamp Limited,Marseille,443,6294,5940
-1,N/A,N/A,49315,1709720691280,2024-03-06 10:24:51.271+00,UDP,192.168.100.100,8.8.8.8,15169,GOOGLE,N/A,53,148,91
-1,N/A,N/A,50340,1709720690460,2024-03-06 10:24:50.449+00,UDP,192.168.100.100,8.8.8.8,15169,GOOGLE,N/A,53,123,84
-1,N/A,N/A,49274,1709720681978,2024-03-06 10:24:19.478+00,UDP,192.168.100.100,104.18.24.173,13335,CLOUDFLARENET,N/A,443,7858,8279
-1,N/A,N/A,56975,1709720675177,2024-03-06 10:24:35.167+00,TCP,192.168.100.100,142.250.194.165,15169,GOOGLE,N/A,443,66,60
-1,N/A,N/A,49832,1709720680296,2024-03-06 10:24:40.287+00,UDP,192.168.100.100,8.8.8.8,15169,GOOGLE,N/A,53,89,73
-1,N/A,N/A,52327,1709720667617,2024-03-06 10:24:27.387+00,UDP,192.168.100.100,142.250.192.196,15169,GOOGLE,N/A,443,9526,6469
-1,N/A,N/A,62055,1709720694922,2024-03-06 10:24:51.421+00,TCP,192.168.100.100,96.17.182.207,9498,BHARTI Airtel Ltd.,New Delhi,443,5217,1150
-1,N/A,N/A,52734,1709720691620,2024-03-06 10:24:41.53+00,TCP,192.168.100.100,13.228.121.57,16509,AMAZON-02,Singapore,443,8156,12350
-1,N/A,N/A,55817,1709720681448,2024-03-06 10:24:41.335+00,UDP,192.168.100.100,142.250.193.35,15169,GOOGLE,N/A,443,3862,1680
-1,N/A,N/A,54442,1709720682706,2024-03-06 10:24:42.699+00,UDP,192.168.100.100,8.8.8.8,15169,GOOGLE,N/A,53,118,78
-1,N/A,N/A,57866,1709720699579,2024-03-06 10:24:59.226+00,UDP,192.168.100.100,142.250.193.35,15169,GOOGLE,N/A,443,5329,2552
-1,N/A,N/A,59053,1709720691498,2024-03-06 10:24:51.489+00,UDP,192.168.100.100,8.8.8.8,15169,GOOGLE,N/A,53,118,83
-1,N/A,N/A,62179,1709720680079,2024-03-06 10:24:10.32+00,TCP,192.168.100.100,20.187.186.89,8075,MICROSOFT-CORP-MSN-AS-BLOCK,Hong Kong,443,239,180
-1,N/A,N/A,53423,1709720681048,2024-03-06 10:24:41.04+00,UDP,192.168.100.100,8.8.8.8,15169,GOOGLE,N/A,53,145,74
-1,N/A,N/A,60079,1709720685578,2024-03-06 10:24:45.57+00,UDP,192.168.100.100,8.8.8.8,15169,GOOGLE,N/A,53,107,91
-1,N/A,N/A,55407,1709720668962,2024-03-06 10:24:28.927+00,TCP,192.168.100.100,142.250.194.206,15169,GOOGLE,N/A,443,66,60
-1,N/A,N/A,59765,1709720691963,2024-03-06 10:24:16.259+00,UDP,192.168.100.100,142.250.207.194,15169,GOOGLE,N/A,443,55683,17427
-1,N/A,N/A,63797,1709720683665,2024-03-06 10:24:43.175+00,UDP,192.168.100.100,142.250.194.3,15169,GOOGLE,N/A,443,6904,4002
-1,N/A,N/A,56458,1709720699700,2024-03-06 10:24:57.254+00,TCP,192.168.100.100,43.203.80.186,16509,AMAZON-02,Incheon,443,8603,1742
-1,N/A,N/A,54783,1709720701494,2024-03-06 10:15:06.583+00,TCP,192.168.100.100,208.115.231.70,46475,LIMESTONENETWORKS,Frankfurt am Main,443,7314,6960
-1,N/A,N/A,62051,1709720690909,2024-03-06 10:24:48.84+00,TCP,192.168.100.100,142.250.192.227,15169,GOOGLE,N/A,443,5959,1065
-1,N/A,N/A,60397,1709720699881,2024-03-06 10:24:59.51+00,UDP,192.168.100.100,142.250.193.78,15169,GOOGLE,N/A,443,5231,4233
-1,N/A,N/A,55544,1709720700336,2024-03-06 10:23:45.862+00,TCP,192.168.100.100,44.232.2.79,16509,AMAZON-02,Boardman,443,17435,24388
-1,N/A,N/A,50950,1709720688612,2024-03-06 10:24:48.612+00,TCP,fe80::10ef:dcff:fedc:70f5,2404:a800:6:204:face:b00c::a7,9498,BHARTI Airtel Ltd.,N/A,443,0,94
-1,N/A,N/A,54078,1709720668466,2024-03-06 10:24:27.416+00,UDP,192.168.100.100,172.217.166.2,15169,GOOGLE,N/A,443,6721,8196
-1,N/A,N/A,50878,1709720681415,2024-03-06 10:24:41.406+00,UDP,192.168.100.100,8.8.8.8,15169,GOOGLE,N/A,53,248,99
-1,N/A,N/A,53793,1709720673431,2024-03-06 10:24:33.245+00,UDP,192.168.100.100,142.250.193.35,15169,GOOGLE,N/A,443,4616,2613
-1,N/A,N/A,55503,1709720670059,2024-03-06 10:24:30.053+00,TCP,192.168.100.100,142.250.194.130,15169,GOOGLE,N/A,443,66,60
-1,N/A,N/A,54920,1709720678907,2024-03-06 10:24:38.802+00,UDP,192.168.100.100,142.250.194.193,15169,GOOGLE,N/A,443,5174,3127
-1,N/A,N/A,54130,1709720680890,2024-03-06 10:24:40.418+00,TCP,192.168.100.100,34.98.127.226,396982,GOOGLE-CLOUD-PLATFORM,Kansas City,443,1489,2245
-1,N/A,N/A,57064,1709720681791,2024-03-06 10:24:26.575+00,UDP,192.168.100.100,142.250.194.98,15169,GOOGLE,N/A,443,10460,9844
-1,N/A,N/A,52682,1709720677428,2024-03-06 10:24:27.861+00,TCP,192.168.100.100,13.48.183.139,16509,AMAZON-02,Stockholm,443,6801,2431
-1,N/A,N/A,55373,1709720677892,2024-03-06 10:24:37.884+00,TCP,192.168.100.100,13.35.191.9,16509,AMAZON-02,N/A,443,66,60
-1,N/A,N/A,55504,1709720669595,2024-03-06 10:24:29.552+00,TCP,192.168.100.100,142.250.206.134,15169,GOOGLE,N/A,443,66,60
-1,N/A,N/A,58569,1709720696135,2024-03-06 10:24:56.127+00,UDP,192.168.100.100,8.8.8.8,15169,GOOGLE,N/A,53,92,76
-1,N/A,N/A,55505,1709720670053,2024-03-06 10:24:30.045+00,TCP,192.168.100.100,142.250.206.134,15169,GOOGLE,N/A,443,66,60
-1,N/A,N/A,62031,1709720675749,2024-03-06 10:24:28.05+00,TCP,192.168.100.100,20.189.173.9,8075,MICROSOFT-CORP-MSN-AS-BLOCK,San Jose,443,7827,4768
-1,N/A,N/A,62069,1709720700935,2024-03-06 10:24:55.837+00,TCP,192.168.100.100,142.250.192.227,15169,GOOGLE,N/A,443,5959,1175
-1,N/A,N/A,62032,1709720675731,2024-03-06 10:24:28.282+00,TCP,192.168.100.100,20.189.173.9,8075,MICROSOFT-CORP-MSN-AS-BLOCK,San Jose,443,7151,1514
-1,N/A,N/A,49798,1709720691585,2024-03-06 10:24:51.324+00,UDP,192.168.100.100,142.250.192.202,15169,GOOGLE,N/A,443,7320,3890
-1,N/A,N/A,54344,1709720700791,2024-03-06 10:15:04.671+00,UDP,192.168.100.100,142.250.195.10,15169,GOOGLE,N/A,443,35403,35117
-1,N/A,N/A,52704,1709720677255,2024-03-06 10:24:29.479+00,TCP,192.168.100.100,108.158.245.125,16509,AMAZON-02,N/A,443,7860,1935
-1,N/A,N/A,50831,1709720679965,2024-03-06 10:24:39.87+00,UDP,192.168.100.100,142.250.192.196,15169,GOOGLE,N/A,443,3860,1681
-1,N/A,N/A,56994,1709720694632,2024-03-06 10:24:54.557+00,TCP,192.168.100.100,142.251.12.188,15169,GOOGLE,Queens,443,66,60
-1,N/A,N/A,55455,1709720694178,2024-03-06 10:24:19.478+00,TCP,192.168.100.100,103.229.10.192,16509,AMAZON-02,N/A,443,3030,1902
-1,N/A,N/A,55610,1709720682049,2024-03-06 10:24:40.255+00,TCP,192.168.100.100,44.238.220.45,16509,AMAZON-02,Boardman,443,8308,3854
-1,N/A,N/A,51663,1709720684566,2024-03-06 10:24:43.626+00,UDP,192.168.100.100,104.21.43.141,13335,CLOUDFLARENET,N/A,443,5404,3717
-1,N/A,N/A,55611,1709720681595,2024-03-06 10:24:40.52+00,TCP,192.168.100.100,44.238.220.45,16509,AMAZON-02,Boardman,443,3958,1015
-1,N/A,N/A,55959,1709720680168,2024-03-06 10:24:39.935+00,UDP,192.168.100.100,172.217.166.202,15169,GOOGLE,N/A,443,4989,3733
-1,N/A,N/A,56819,1709720685665,2024-03-06 10:24:45.657+00,TCP,192.168.100.100,23.223.243.122,9498,BHARTI Airtel Ltd.,New Delhi,443,145,180
-1,N/A,N/A,55581,1709720694314,2024-03-06 10:24:19.484+00,TCP,192.168.100.100,51.79.152.81,16276,OVH SAS,Singapore,443,5044,3694
-1,N/A,N/A,60545,1709720688979,2024-03-06 10:24:48.767+00,UDP,192.168.100.100,142.250.192.227,15169,GOOGLE,N/A,443,7194,4227
-1,N/A,N/A,62039,1709720678972,2024-03-06 10:24:32.016+00,TCP,192.168.100.100,20.42.73.25,8075,MICROSOFT-CORP-MSN-AS-BLOCK,Washington,443,7697,4631
-1,N/A,N/A,62040,1709720678984,2024-03-06 10:24:32.269+00,TCP,192.168.100.100,20.42.73.25,8075,MICROSOFT-CORP-MSN-AS-BLOCK,Washington,443,7152,1455
-1,N/A,N/A,52964,1709720695729,2024-03-06 10:24:55.717+00,UDP,192.168.100.100,8.8.8.8,15169,GOOGLE,N/A,53,300,95
-1,N/A,N/A,62041,1709720688998,2024-03-06 10:24:45.437+00,TCP,192.168.100.100,20.42.73.25,8075,MICROSOFT-CORP-MSN-AS-BLOCK,Washington,443,7812,6469
-1,N/A,N/A,56982,1709720675706,2024-03-06 10:24:35.56+00,TCP,192.168.100.100,20.89.134.221,8075,MICROSOFT-CORP-MSN-AS-BLOCK,Tokyo,443,66,60
-1,N/A,N/A,59064,1709720683850,2024-03-06 10:24:43.625+00,TCP,192.168.100.100,142.251.12.188,15169,GOOGLE,Queens,443,140,140
-1,N/A,N/A,55279,1709720690301,2024-03-06 10:24:50.254+00,TCP,192.168.100.100,40.126.17.133,8075,MICROSOFT-CORP-MSN-AS-BLOCK,Chennai,443,66,60
-1,N/A,N/A,51944,1709720687277,2024-03-06 10:24:47.269+00,UDP,192.168.100.100,8.8.8.8,15169,GOOGLE,N/A,53,106,90
-1,N/A,N/A,57577,1709720677963,2024-03-06 10:24:37.729+00,UDP,192.168.100.100,142.250.206.130,15169,GOOGLE,N/A,443,4471,2611
-1,N/A,N/A,53346,1709720686916,2024-03-06 10:24:43.416+00,TCP,192.168.100.100,157.240.239.20,32934,FACEBOOK,Noida,443,3663,5840
-1,N/A,N/A,58090,1709720681416,2024-03-06 10:24:41.409+00,UDP,192.168.100.100,8.8.8.8,15169,GOOGLE,N/A,53,192,80
-1,N/A,N/A,62046,1709720688997,2024-03-06 10:24:45.7+00,TCP,192.168.100.100,20.42.73.25,8075,MICROSOFT-CORP-MSN-AS-BLOCK,Washington,443,7272,1610
-1,N/A,N/A,56989,1709720673058,2024-03-06 10:24:32.856+00,TCP,192.168.100.100,52.123.168.219,8075,MICROSOFT-CORP-MSN-AS-BLOCK,Tokyo,443,101,172
-1,N/A,N/A,57068,1709720679865,2024-03-06 10:24:39.858+00,UDP,192.168.100.100,8.8.8.8,15169,GOOGLE,N/A,53,99,74
-1,N/A,N/A,51437,1709720684326,2024-03-06 10:24:44.318+00,UDP,192.168.100.100,8.8.8.8,15169,GOOGLE,N/A,53,113,97
-1,N/A,N/A,55580,1709720678957,2024-03-06 10:24:19.479+00,TCP,192.168.100.100,70.42.32.95,22075,AS-OUTBRAIN,N/A,443,5570,3144
-1,N/A,N/A,55535,1709720670539,2024-03-06 10:24:30.356+00,UDP,192.168.100.100,142.250.194.131,15169,GOOGLE,N/A,443,4616,2701
-1,N/A,N/A,55548,1709720678290,2024-03-06 10:24:38.283+00,TCP,192.168.100.100,142.250.194.129,15169,GOOGLE,N/A,443,66,60
-1,N/A,N/A,55584,1709720678969,2024-03-06 10:24:19.736+00,TCP,192.168.100.100,70.42.32.95,22075,AS-OUTBRAIN,N/A,443,3990,1230
-1,N/A,N/A,52978,1709720691398,2024-03-06 10:24:51.389+00,UDP,192.168.100.100,8.8.8.8,15169,GOOGLE,N/A,53,143,79
-1,N/A,N/A,60776,1709720688028,2024-03-06 10:24:47.512+00,UDP,192.168.100.100,142.250.194.14,15169,GOOGLE,N/A,443,5217,18063
-1,N/A,N/A,59516,1709720695268,2024-03-06 10:24:55.253+00,TCP,192.168.100.100,172.217.161.5,15169,GOOGLE,N/A,443,66,60
-1,N/A,N/A,62072,1709720701511,2024-03-06 10:25:00.126+00,TCP,192.168.100.100,20.189.173.9,8075,MICROSOFT-CORP-MSN-AS-BLOCK,San Jose,443,7635,3266
-1,N/A,N/A,62073,1709720701572,2024-03-06 10:25:00.383+00,TCP,192.168.100.100,20.189.173.9,8075,MICROSOFT-CORP-MSN-AS-BLOCK,San Jose,443,7211,1454
-1,N/A,N/A,50934,1709720682702,2024-03-06 10:24:42.694+00,UDP,192.168.100.100,8.8.8.8,15169,GOOGLE,N/A,53,119,79
-1,N/A,N/A,49780,1709720691080,2024-03-06 10:24:51.044+00,TCP,192.168.100.100,175.100.163.15,131283,HDFC Bank House,N/A,443,60,60
-1,N/A,N/A,55555,1709720692934,2024-03-06 10:24:52.927+00,TCP,192.168.100.100,142.250.206.130,15169,GOOGLE,N/A,443,66,60
-1,N/A,N/A,54822,1709720680802,2024-03-06 10:24:40.701+00,TCP,192.168.100.100,23.223.243.96,9498,BHARTI Airtel Ltd.,New Delhi,443,1659,1637
-1,N/A,N/A,55262,1709720690010,2024-03-06 10:24:49.649+00,TCP,192.168.100.100,52.168.117.168,8075,MICROSOFT-CORP-MSN-AS-BLOCK,Washington,443,60,120
-1,N/A,N/A,61763,1709720676769,2024-03-06 10:23:30.515+00,UDP,192.168.100.100,35.186.194.58,15169,GOOGLE,Kansas City,443,57260,1675819
-1,N/A,N/A,56834,1709720678267,2024-03-06 10:24:37.995+00,TCP,192.168.100.100,209.177.149.138,36236,NETACTUATE,Sunnyvale,443,60,60
-1,N/A,N/A,51901,1709720690950,2024-03-06 10:24:47.871+00,UDP,192.168.100.100,142.250.192.196,15169,GOOGLE,N/A,443,8469,5199
-1,N/A,N/A,54828,1709720682715,2024-03-06 10:24:42.534+00,TCP,192.168.100.100,23.223.243.96,9498,BHARTI Airtel Ltd.,New Delhi,443,1673,1715
-1,N/A,N/A,56926,1709720699590,2024-03-06 10:24:04.011+00,TCP,192.168.1.58,104.208.16.89,8075,MICROSOFT-CORP-MSN-AS-BLOCK,Des Moines,443,0,420
-1,N/A,N/A,56835,1709720682238,2024-03-06 10:24:41.969+00,TCP,192.168.100.100,209.177.149.138,36236,NETACTUATE,Sunnyvale,443,60,60
-1,N/A,N/A,54078,1709720699132,2024-03-06 10:15:08.889+00,TCP,192.168.100.100,138.199.14.80,60068,Datacamp Limited,Marseille,443,6294,5940
-1,N/A,N/A,54322,1709720678054,2024-03-06 10:24:10.379+00,UDP,192.168.100.100,182.79.139.83,9498,BHARTI Airtel Ltd.,N/A,443,618330,10899
-1,N/A,N/A,53634,1709720685353,2024-03-06 10:24:42.724+00,TCP,192.168.100.100,157.240.198.17,32934,FACEBOOK,Noida,443,4645,2644
-1,N/A,N/A,59142,1709720699828,2024-03-06 10:24:59.819+00,UDP,192.168.100.100,8.8.8.8,15169,GOOGLE,N/A,53,120,75
-1,N/A,N/A,51640,1709720688863,2024-03-06 10:24:48.606+00,UDP,192.168.100.100,116.119.197.211,9498,BHARTI Airtel Ltd.,N/A,443,117602,3299
-1,N/A,N/A,49657,1709720700029,2024-03-06 10:22:01.96+00,UDP,192.168.100.100,116.119.77.147,9498,BHARTI Airtel Ltd.,N/A,443,83634012,742168
-1,N/A,N/A,52030,1709720684229,2024-03-06 10:24:44.06+00,TCP,192.168.100.100,35.227.224.91,396982,GOOGLE-CLOUD-PLATFORM,Kansas City,443,1136,1062
-1,N/A,N/A,51778,1709720696186,2024-03-06 10:24:31.746+00,UDP,192.168.100.100,142.250.193.78,15169,GOOGLE,N/A,443,6180,6831
-1,N/A,N/A,56074,1709720699764,2024-03-06 10:24:59.683+00,TCP,192.168.100.100,74.125.200.109,15169,GOOGLE,N/A,993,66,66
-1,N/A,N/A,50449,1709720697243,2024-03-06 10:24:57.229+00,UDP,192.168.100.100,8.8.8.8,15169,GOOGLE,N/A,53,331,90
-1,N/A,N/A,55616,1709720692203,2024-03-06 10:24:41.242+00,TCP,192.168.100.100,70.42.32.95,22075,AS-OUTBRAIN,N/A,443,5572,3210
-1,N/A,N/A,55411,1709720688975,2024-03-06 10:24:28.92+00,TCP,192.168.100.100,216.58.221.46,15169,GOOGLE,N/A,443,126,180
-1,N/A,N/A,55618,1709720689235,2024-03-06 10:24:41.595+00,TCP,192.168.100.100,70.42.32.95,22075,AS-OUTBRAIN,N/A,443,3990,1177
-1,N/A,N/A,57988,1709720683498,2024-03-06 10:24:42.989+00,TCP,192.168.100.100,157.240.239.34,32934,FACEBOOK,Noida,443,959,1524
-1,N/A,N/A,55578,1709720678677,2024-03-06 10:24:19.466+00,TCP,192.168.100.100,23.211.206.146,9498,BHARTI Airtel Ltd.,Mumbai,443,5424,1132
-1,N/A,N/A,58443,1709720698439,2024-03-06 10:15:02.989+00,TCP,192.168.100.100,208.115.231.98,46475,LIMESTONENETWORKS,Frankfurt am Main,443,7374,7020
-1,N/A,N/A,63705,1709720690891,2024-03-06 10:15:03.246+00,UDP,192.168.100.100,142.250.192.202,15169,GOOGLE,N/A,443,28532,31122
-1,N/A,N/A,55464,1709720694470,2024-03-06 10:23:43.986+00,TCP,192.168.100.100,20.127.253.7,8075,MICROSOFT-CORP-MSN-AS-BLOCK,Washington,443,22463,6020
-1,N/A,N/A,56092,1709720673912,2024-03-06 10:24:33.83+00,TCP,192.168.100.100,74.125.200.109,15169,GOOGLE,N/A,993,66,66
-1,N/A,N/A,54564,1709720693349,2024-03-06 10:24:53.34+00,UDP,192.168.100.100,8.8.8.8,15169,GOOGLE,N/A,53,118,78
-1,N/A,N/A,57005,1709720692947,2024-03-06 10:24:52.936+00,TCP,192.168.100.100,172.217.161.5,15169,GOOGLE,N/A,443,66,60
-1,N/A,N/A,57639,1709720683557,2024-03-06 10:24:43.546+00,UDP,192.168.100.100,8.8.8.8,15169,GOOGLE,N/A,53,113,81
-1,N/A,N/A,63073,1709720678838,2024-03-06 10:24:38.729+00,TCP,192.168.100.100,20.198.119.84,8075,MICROSOFT-CORP-MSN-AS-BLOCK,Pune,443,225,215
-1,N/A,N/A,55588,1709720694084,2024-03-06 10:24:53.8+00,TCP,192.168.100.100,23.211.206.146,9498,BHARTI Airtel Ltd.,Mumbai,443,44922,1975
-1,N/A,N/A,52708,1709720677332,2024-03-06 10:24:30.017+00,TCP,192.168.100.100,169.150.207.211,60068,Datacamp Limited,Singapore,443,1733416,26583
-1,N/A,N/A,55619,1709720688842,2024-03-06 10:24:41.595+00,TCP,192.168.100.100,162.19.138.116,16276,OVH SAS,Frankfurt am Main,443,8936,2673
-1,N/A,N/A,55590,1709720680281,2024-03-06 10:24:20.291+00,TCP,192.168.100.100,23.211.206.146,9498,BHARTI Airtel Ltd.,Mumbai,443,1005,1386
-1,N/A,N/A,55623,1709720697331,2024-03-06 10:24:41.859+00,TCP,192.168.100.100,162.19.138.116,16276,OVH SAS,Frankfurt am Main,443,330,66
-1,N/A,N/A,52515,1709720695106,2024-03-06 10:24:54.82+00,UDP,192.168.100.100,142.250.194.142,15169,GOOGLE,N/A,443,9370,13053
-1,N/A,N/A,50481,1709720682964,2024-03-06 10:24:42.956+00,UDP,192.168.100.100,8.8.8.8,15169,GOOGLE,N/A,53,127,82
-1,N/A,N/A,55248,1709720684561,2024-03-06 10:24:07.236+00,TCP,192.168.100.100,204.79.197.239,8068,MICROSOFT-CORP-MSN-AS-BLOCK,N/A,443,126,60
-1,N/A,N/A,51935,1709720689964,2024-03-06 10:23:47.295+00,UDP,192.168.1.180,192.168.1.63,-1,N/A,N/A,514,0,19402
-1,N/A,N/A,57018,1709720694149,2024-03-06 10:24:54.055+00,TCP,192.168.100.100,23.76.157.8,9498,BHARTI Airtel Ltd.,New Delhi,443,7716,1025
-1,N/A,N/A,61195,1709720696697,2024-03-06 10:15:03.427+00,UDP,192.168.100.100,216.58.200.174,15169,GOOGLE,N/A,443,49864,41754
-1,N/A,N/A,55109,1709720695492,2024-03-06 10:15:04.858+00,TCP,192.168.100.100,52.0.218.127,14618,AMAZON-AES,Ashburn,443,6856,16150
-1,N/A,N/A,57017,1709720683636,2024-03-06 10:24:42.527+00,TCP,192.168.100.100,20.189.173.15,8075,MICROSOFT-CORP-MSN-AS-BLOCK,San Jose,443,7660,2840
-1,N/A,N/A,58362,1709720683223,2024-03-06 10:24:42.725+00,TCP,192.168.100.100,142.250.77.206,15169,GOOGLE,Plainview,443,8557,1483
-1,N/A,N/A,54132,1709720696613,2024-03-06 10:24:56.279+00,TCP,192.168.100.100,34.160.66.85,396982,GOOGLE-CLOUD-PLATFORM,Kansas City,443,1249,1756
-1,N/A,N/A,55491,1709720689228,2024-03-06 10:24:30.053+00,TCP,192.168.100.100,20.127.253.7,8075,MICROSOFT-CORP-MSN-AS-BLOCK,Washington,443,126,180
-1,N/A,N/A,54940,1709720675592,2024-03-06 10:24:35.383+00,UDP,192.168.100.100,172.217.167.35,15169,GOOGLE,N/A,443,12129,4851
-1,N/A,N/A,58364,1709720683876,2024-03-06 10:24:43.397+00,TCP,192.168.100.100,142.250.77.206,15169,GOOGLE,Plainview,443,15565,2165
-1,N/A,N/A,60222,1709720687600,2024-03-06 10:24:47.593+00,UDP,192.168.100.100,8.8.8.8,15169,GOOGLE,N/A,53,85,85
-1,N/A,N/A,61032,1709720694011,2024-03-06 10:24:51.548+00,TCP,192.168.100.100,104.26.15.99,13335,CLOUDFLARENET,N/A,443,113034,3954
-1,N/A,N/A,54392,1709720696767,2024-03-06 10:24:56.657+00,TCP,192.168.100.100,20.198.119.84,8075,MICROSOFT-CORP-MSN-AS-BLOCK,Pune,443,229,158
-1,N/A,N/A,61284,1709720694528,2024-03-06 10:24:16.496+00,UDP,192.168.100.100,142.250.206.98,15169,GOOGLE,N/A,443,10725,8656
-1,N/A,N/A,61030,1709720695238,2024-03-06 10:22:39.481+00,TCP,192.168.100.100,142.250.4.188,15169,GOOGLE,N/A,5228,8449,1738
-1,N/A,N/A,55099,1709720672602,2024-03-06 10:24:32.39+00,UDP,192.168.100.100,142.250.206.142,15169,GOOGLE,N/A,443,5656,4141
-1,N/A,N/A,59418,1709720685353,2024-03-06 10:24:43.971+00,TCP,192.168.100.100,18.61.63.188,16509,AMAZON-02,Hyderabad,443,4582,2907
-1,N/A,N/A,52692,1709720677257,2024-03-06 10:24:28.275+00,TCP,192.168.100.100,172.217.166.2,15169,GOOGLE,N/A,443,6212,1157
-1,N/A,N/A,53002,1709720685187,2024-03-06 10:24:44.345+00,TCP,192.168.100.100,157.240.198.33,32934,FACEBOOK,Noida,5222,1041,2690
-1,N/A,N/A,52693,1709720677256,2024-03-06 10:24:28.276+00,TCP,192.168.100.100,172.217.166.2,15169,GOOGLE,N/A,443,6212,1157
-1,N/A,N/A,58749,1709720693046,2024-03-06 10:24:52.932+00,UDP,192.168.100.100,142.250.206.99,15169,GOOGLE,N/A,443,5158,2971
-1,N/A,N/A,62761,1709720680874,2024-03-06 10:24:39.695+00,TCP,192.168.100.100,34.205.98.201,14618,AMAZON-AES,Ashburn,443,6751,3605
-1,N/A,N/A,62762,1709720680872,2024-03-06 10:24:39.962+00,TCP,192.168.100.100,34.205.98.201,14618,AMAZON-AES,Ashburn,443,6196,1261
-1,N/A,N/A,62035,1709720675120,2024-03-06 10:24:29.8+00,TCP,192.168.100.100,52.168.117.170,8075,MICROSOFT-CORP-MSN-AS-BLOCK,Washington,443,7757,4054
-1,N/A,N/A,53169,1709720688446,2024-03-06 10:24:48.446+00,UDP,fe80::10ef:dcff:fedc:70f5,2404:a800:6:15a:face:b00c::a7,9498,BHARTI Airtel Ltd.,N/A,443,0,2608
-1,N/A,N/A,62048,1709720690167,2024-03-06 10:24:47.592+00,TCP,192.168.100.100,52.168.117.170,8075,MICROSOFT-CORP-MSN-AS-BLOCK,Washington,443,8000,5982
-1,N/A,N/A,62049,1709720690159,2024-03-06 10:24:47.852+00,TCP,192.168.100.100,52.168.117.170,8075,MICROSOFT-CORP-MSN-AS-BLOCK,Washington,443,7212,1784
-1,N/A,N/A,52679,1709720677256,2024-03-06 10:24:27.824+00,TCP,192.168.100.100,18.164.246.69,16509,AMAZON-02,N/A,443,16568,2076
-1,N/A,N/A,62070,1709720700197,2024-03-06 10:24:56.762+00,TCP,192.168.100.100,52.168.117.170,8075,MICROSOFT-CORP-MSN-AS-BLOCK,Washington,443,8054,5332
-1,N/A,N/A,62071,1709720700381,2024-03-06 10:24:57.026+00,TCP,192.168.100.100,52.168.117.170,8075,MICROSOFT-CORP-MSN-AS-BLOCK,Washington,443,7212,1844
-1,N/A,N/A,58302,1709720663765,2024-03-06 10:24:23.044+00,TCP,192.168.100.100,3.127.180.101,16509,AMAZON-02,Frankfurt am Main,443,6851,2064
-1,N/A,N/A,59822,1709720680439,2024-03-06 10:24:40.168+00,UDP,192.168.100.100,142.250.206.106,15169,GOOGLE,N/A,443,9235,4766
-1,N/A,N/A,62712,1709720692152,2024-03-06 10:24:51.878+00,TCP,192.168.100.100,13.83.65.43,8075,MICROSOFT-CORP-MSN-AS-BLOCK,San Jose,443,66,60
-1,N/A,N/A,58305,1709720663699,2024-03-06 10:24:23.221+00,TCP,192.168.100.100,3.127.180.101,16509,AMAZON-02,Frankfurt am Main,443,6162,1219
-1,N/A,N/A,58283,1709720663558,2024-03-06 10:24:19.876+00,TCP,192.168.100.100,192.28.144.124,15224,OMNITURE,N/A,443,5843,4148
-1,N/A,N/A,56004,1709720666117,2024-03-06 10:24:26.029+00,UDP,192.168.100.100,108.158.221.91,16509,AMAZON-02,N/A,443,8412,3413
-1,N/A,N/A,58312,1709720680391,2024-03-06 10:24:40.212+00,TCP,192.168.100.100,142.250.206.106,15169,GOOGLE,N/A,443,6292,1006
-1,N/A,N/A,59514,1709720668614,2024-03-06 10:24:28.353+00,UDP,192.168.100.100,142.250.193.230,15169,GOOGLE,N/A,443,7856,6902
-1,N/A,N/A,57406,1709720696102,2024-03-06 10:24:51.773+00,TCP,192.168.100.100,54.192.142.96,16509,AMAZON-02,N/A,443,2710,2812
-1,N/A,N/A,55329,1709720667415,2024-03-06 10:24:27.408+00,TCP,192.168.100.100,142.250.206.136,15169,GOOGLE,N/A,443,66,60
-1,N/A,N/A,54998,1709720685351,2024-03-06 10:24:43.275+00,TCP,192.168.100.100,142.250.207.227,15169,GOOGLE,N/A,443,6753,3260
-1,N/A,N/A,52636,1709720667311,2024-03-06 10:24:26.363+00,TCP,192.168.100.100,18.142.5.31,16509,AMAZON-02,Singapore,443,7729,7154
-1,N/A,N/A,62671,1709720700107,2024-03-06 10:15:03.427+00,UDP,192.168.100.100,142.250.77.234,15169,GOOGLE,Plainview,443,34917,35834
-1,N/A,N/A,52605,1709720667387,2024-03-06 10:24:26.092+00,TCP,192.168.100.100,207.65.33.78,62713,AS-PUBMATIC,N/A,443,10670,29061
-1,N/A,N/A,52070,1709720683325,2024-03-06 10:24:43.325+00,TCP,192.168.100.100,129.227.29.117,63593,"Guangdong HeyTap Technology Co., Ltd.",Mumbai,443,0,138
-1,N/A,N/A,58044,1709720669759,2024-03-06 10:24:27.081+00,UDP,192.168.100.100,34.160.152.31,396982,GOOGLE-CLOUD-PLATFORM,Kansas City,443,7359,28369
-1,N/A,N/A,55593,1709720694227,2024-03-06 10:24:20.595+00,TCP,192.168.100.100,204.79.197.204,8068,MICROSOFT-CORP-MSN-AS-BLOCK,N/A,443,8517,3292
-1,N/A,N/A,55634,1709720684311,2024-03-06 10:24:43.382+00,TCP,192.168.100.100,54.201.15.178,16509,AMAZON-02,Boardman,443,3610,898
-1,N/A,N/A,55635,1709720685346,2024-03-06 10:24:43.382+00,TCP,192.168.100.100,54.201.15.178,16509,AMAZON-02,Boardman,443,7106,16273
-1,N/A,N/A,55636,1709720684313,2024-03-06 10:24:43.383+00,TCP,192.168.100.100,54.201.15.178,16509,AMAZON-02,Boardman,443,3895,1166
-1,N/A,N/A,55638,1709720684313,2024-03-06 10:24:43.714+00,TCP,192.168.100.100,54.201.15.178,16509,AMAZON-02,Boardman,443,3610,898
-1,N/A,N/A,50021,1709720666981,2024-03-06 10:24:26.371+00,UDP,192.168.100.100,34.120.63.153,396982,GOOGLE-CLOUD-PLATFORM,Kansas City,443,7118,14278
-1,N/A,N/A,55639,1709720684313,2024-03-06 10:24:43.714+00,TCP,192.168.100.100,54.201.15.178,16509,AMAZON-02,Boardman,443,3610,834
-1,N/A,N/A,55640,1709720684603,2024-03-06 10:24:43.714+00,TCP,192.168.100.100,54.201.15.178,16509,AMAZON-02,Boardman,443,3958,1078
-1,N/A,N/A,55474,1709720694489,2024-03-06 10:24:30.249+00,TCP,192.168.100.100,185.184.8.90,204995,Rtb House S.A.,Amsterdam,443,1471,943
-1,N/A,N/A,52639,1709720667235,2024-03-06 10:24:26.402+00,TCP,192.168.100.100,34.120.63.153,396982,GOOGLE-CLOUD-PLATFORM,Kansas City,443,1152,1258
-1,N/A,N/A,52715,1709720687436,2024-03-06 10:24:41.022+00,TCP,192.168.100.100,207.65.33.78,62713,AS-PUBMATIC,N/A,443,5775,6211
-1,N/A,N/A,60251,1709720679198,2024-03-06 10:24:38.823+00,UDP,192.168.100.100,142.250.193.230,15169,GOOGLE,N/A,443,8779,7433
-1,N/A,N/A,54614,1709720675178,2024-03-06 10:24:34.853+00,TCP,192.168.100.100,52.200.212.22,14618,AMAZON-AES,Ashburn,443,149,186
-1,N/A,N/A,62030,1709720675746,2024-03-06 10:24:25.756+00,TCP,192.168.100.100,13.83.65.43,8075,MICROSOFT-CORP-MSN-AS-BLOCK,San Jose,443,7350,5586
-1,N/A,N/A,55656,1709720692853,2024-03-06 10:24:51.923+00,TCP,192.168.100.100,52.220.252.48,16509,AMAZON-02,Singapore,443,98835,11042
-1,N/A,N/A,55459,1709720693964,2024-03-06 10:23:43.985+00,TCP,192.168.100.100,18.66.63.8,16509,AMAZON-02,N/A,443,12598,5021
-1,N/A,N/A,59320,1709720668471,2024-03-06 10:24:26+00,UDP,192.168.100.100,142.250.194.194,15169,GOOGLE,N/A,443,6953,8788
-1,N/A,N/A,51760,1709720668874,2024-03-06 10:24:28.686+00,UDP,192.168.100.100,142.250.194.194,15169,GOOGLE,N/A,443,5848,4477
-1,N/A,N/A,51428,1709720673407,2024-03-06 10:24:33.391+00,TCP,192.168.100.100,157.240.198.40,32934,FACEBOOK,Noida,443,326,170
-1,N/A,N/A,52680,1709720677326,2024-03-06 10:24:27.826+00,TCP,192.168.100.100,15.197.196.10,16509,AMAZON-02,N/A,443,6309,3755
-1,N/A,N/A,58313,1709720685376,2024-03-06 10:24:43.813+00,TCP,192.168.1.7,192.168.1.63,-1,N/A,N/A,80,240,264
-1,N/A,N/A,58315,1709720685139,2024-03-06 10:24:43.083+00,TCP,192.168.1.7,192.168.1.63,-1,N/A,N/A,80,300,330
-1,N/A,N/A,58316,1709720688060,2024-03-06 10:24:45.947+00,TCP,192.168.1.7,192.168.1.63,-1,N/A,N/A,80,300,330
-1,N/A,N/A,58317,1709720688131,2024-03-06 10:24:46+00,TCP,192.168.1.7,192.168.1.63,-1,N/A,N/A,80,300,330
-1,N/A,N/A,58318,1709720688278,2024-03-06 10:24:46.197+00,TCP,192.168.1.7,192.168.1.63,-1,N/A,N/A,80,300,330
-1,N/A,N/A,57856,1709720682443,2024-03-06 10:24:42.443+00,UDP,192.168.1.44,224.0.0.252,-1,N/A,N/A,5355,0,72
-1,N/A,N/A,59053,1709720682017,2024-03-06 10:24:38.998+00,UDP,192.168.1.44,239.255.255.250,-1,N/A,N/A,1900,0,864
-1,N/A,N/A,58319,1709720690538,2024-03-06 10:24:50.506+00,TCP,192.168.1.7,192.168.1.63,-1,N/A,N/A,443,1716,927
-1,N/A,N/A,58320,1709720690538,2024-03-06 10:24:50.508+00,TCP,192.168.1.7,192.168.1.63,-1,N/A,N/A,443,1716,901
-1,N/A,N/A,58321,1709720692076,2024-03-06 10:24:50.534+00,TCP,192.168.1.7,192.168.1.63,-1,N/A,N/A,443,9317,9736
-1,N/A,N/A,58322,1709720690653,2024-03-06 10:24:50.588+00,TCP,192.168.1.7,192.168.1.63,-1,N/A,N/A,443,496,1198
-1,N/A,N/A,58323,1709720692193,2024-03-06 10:24:50.652+00,TCP,192.168.1.7,192.168.1.63,-1,N/A,N/A,443,10648,11265
-1,N/A,N/A,58324,1709720690934,2024-03-06 10:24:50.896+00,TCP,192.168.1.7,192.168.1.63,-1,N/A,N/A,443,1656,901
-1,N/A,N/A,58325,1709720690938,2024-03-06 10:24:50.896+00,TCP,192.168.1.7,192.168.1.63,-1,N/A,N/A,443,1716,901
-1,N/A,N/A,58326,1709720690934,2024-03-06 10:24:50.896+00,TCP,192.168.1.7,192.168.1.63,-1,N/A,N/A,443,1656,959
-1,N/A,N/A,58327,1709720690938,2024-03-06 10:24:50.896+00,TCP,192.168.1.7,192.168.1.63,-1,N/A,N/A,443,556,1198
-1,N/A,N/A,58328,1709720692076,2024-03-06 10:24:50.925+00,TCP,192.168.1.7,192.168.1.63,-1,N/A,N/A,443,6238,5733
-1,N/A,N/A,58329,1709720692246,2024-03-06 10:24:50.927+00,TCP,192.168.1.7,192.168.1.63,-1,N/A,N/A,443,6237,3858
-1,N/A,N/A,58330,1709720690953,2024-03-06 10:24:50.937+00,TCP,192.168.1.7,192.168.1.63,-1,N/A,N/A,443,1716,927
-1,N/A,N/A,58331,1709720692100,2024-03-06 10:24:50.938+00,TCP,192.168.1.7,192.168.1.63,-1,N/A,N/A,443,11887,7253
-1,N/A,N/A,58332,1709720692223,2024-03-06 10:24:52.193+00,TCP,192.168.1.7,192.168.1.63,-1,N/A,N/A,443,496,1198
-1,N/A,N/A,55259,1709720683691,2024-03-06 10:24:43.691+00,TCP,192.168.100.100,20.135.6.9,8075,MICROSOFT-CORP-MSN-AS-BLOCK,Phoenix,443,0,60
-1,N/A,N/A,53760,1709720682154,2024-03-06 10:24:42.126+00,TCP,192.168.100.100,163.70.146.23,32934,FACEBOOK,Delhi,443,330,291
-1,N/A,N/A,56618,1709720694954,2024-03-06 10:15:17.459+00,TCP,192.168.100.100,46.137.25.131,16509,AMAZON-02,Dublin,443,2574,2574
-1,N/A,N/A,51136,1709720696467,2024-03-06 10:15:02.93+00,UDP,192.168.100.100,172.217.160.234,15169,GOOGLE,N/A,443,36540,33349
-1,N/A,N/A,53888,1709720699254,2024-03-06 10:21:08.716+00,TCP,192.168.100.100,157.240.198.61,32934,FACEBOOK,Noida,443,10836,25370
-1,N/A,N/A,55439,1709720682318,2024-03-06 10:24:42.288+00,TCP,192.168.100.100,157.240.198.61,32934,FACEBOOK,Noida,443,100,370
-1,N/A,N/A,58277,1709720690610,2024-03-06 10:24:50.61+00,TCP,192.168.100.100,20.190.9.86,8075,MICROSOFT-CORP-MSN-AS-BLOCK,N/A,443,0,60
-1,N/A,N/A,49330,1709720670284,2024-03-06 10:23:39.338+00,TCP,192.168.100.100,3.225.144.83,14618,AMAZON-AES,Ashburn,443,0,1199
-1,N/A,N/A,49344,1709720670287,2024-03-06 10:23:39.27+00,TCP,192.168.100.100,3.225.144.83,14618,AMAZON-AES,Ashburn,443,0,1199
-1,N/A,N/A,52537,1709720699728,2024-03-06 10:15:02.077+00,TCP,192.168.100.100,203.17.244.51,137409,GSL Networks Pty LTD,Amsterdam,443,7020,7374
-1,N/A,N/A,55231,1709720682932,2024-03-06 10:15:02.655+00,TCP,192.168.100.100,20.65.133.225,8075,MICROSOFT-CORP-MSN-AS-BLOCK,San Antonio,443,2624,4272
-1,N/A,N/A,55247,1709720682369,2024-03-06 10:24:42.369+00,TCP,192.168.100.100,204.79.197.239,8068,MICROSOFT-CORP-MSN-AS-BLOCK,N/A,443,0,60
-1,N/A,N/A,56774,1709720686531,2024-03-06 10:24:46.233+00,TCP,192.168.100.100,162.125.40.1,19679,DROPBOX,N/A,443,2142,352
-1,N/A,N/A,49268,1709720691715,2024-03-06 10:15:21.382+00,TCP,192.168.100.100,172.253.118.188,15169,GOOGLE,N/A,5228,1200,2400
-1,N/A,N/A,54406,1709720693868,2024-03-06 10:15:03.368+00,TCP,192.168.100.100,64.233.170.188,15169,GOOGLE,N/A,5228,1480,1356
-1,N/A,N/A,59065,1709720683849,2024-03-06 10:15:29.407+00,TCP,192.168.100.100,142.251.12.188,15169,GOOGLE,Queens,5228,1640,1712
-1,N/A,N/A,62211,1709720701964,2024-03-06 10:15:02.444+00,TCP,192.168.1.5,192.168.1.140,-1,N/A,N/A,1880,13902,362316
-1,N/A,N/A,59114,1709720683705,2024-03-06 10:15:19.189+00,TCP,192.168.100.100,129.227.192.22,63593,"Guangdong HeyTap Technology Co., Ltd.",Mumbai,8080,1260,1260
-1,N/A,N/A,53118,1709720677870,2024-03-06 10:15:11.369+00,TCP,192.168.100.100,172.217.194.188,15169,GOOGLE,N/A,5228,1792,9158
-1,N/A,N/A,58314,1709720684878,2024-03-06 10:24:42.804+00,TCP,192.168.1.7,192.168.1.63,-1,N/A,N/A,80,264,300
-1,N/A,N/A,58033,1709720695928,2024-03-06 10:24:55.596+00,TCP,192.168.100.100,13.83.65.43,8075,MICROSOFT-CORP-MSN-AS-BLOCK,San Jose,443,4128,535
-1,N/A,N/A,62198,1709720695552,2024-03-06 10:24:55.159+00,TCP,192.168.100.100,13.83.65.43,8075,MICROSOFT-CORP-MSN-AS-BLOCK,San Jose,443,4128,534
-1,N/A,N/A,60633,1709720684805,2024-03-06 10:15:04.524+00,TCP,192.168.100.100,20.65.133.238,8075,MICROSOFT-CORP-MSN-AS-BLOCK,San Antonio,443,2756,4488
-1,N/A,N/A,61518,1709720687511,2024-03-06 10:15:02.486+00,UDP,192.168.100.100,142.250.207.206,15169,GOOGLE,N/A,443,56370,74340
-1,N/A,N/A,51404,1709720682915,2024-03-06 10:15:10.469+00,TCP,192.168.100.100,157.240.198.40,32934,FACEBOOK,Noida,443,2178,3525
